scene_id,episode,scene_index,umap_x,umap_y
009ba03bb90845030f6a5105e99e849c7647641df15faccd2f406e11660cb950,01x02 - The Stakeout,19,1.648129940032959,-0.03273696079850197
0135cbbc069736764b577d4c6f00aa7d65109a0e986ad8d07c002696e74008f5,01x04 - Male Unbonding,13,3.232731819152832,0.42746180295944214
01ca9818e8a1ba151b29458021bfa5db117f75372729aa555fa11008dca8b970,"01x01 - Good News, Bad News",25,3.3730432987213135,-0.020865630358457565
03bcef188fdecd355b754c15a2f1e5491e87e75f2662699815291b3ac1e28394,"01x01 - Good News, Bad News",0,4.23348331451416,2.5677976608276367
04b1d3bcd0c52c2ae9318cdab02c6a726586303af3cc19b153118f50f62b510e,01x04 - Male Unbonding,31,1.9613832235336304,2.5831007957458496
04dbcd52999dded6a90c033e9ed94031b90cc527c80b2e0209219ffa3a867fd3,01x04 - Male Unbonding,22,4.136859893798828,1.7596676349639893
05664d6407aa16f1b3c35d94a57f91ff1bf6bbb4a4846e8edf014696b2952285,01x04 - Male Unbonding,1,4.178970813751221,3.384568929672241
0715844c30008f02963be7416737b29decfb1ef2271d95b89221aa9da38b08eb,01x05 - The Stock Tip,17,2.8354015350341797,2.2527801990509033
076d3c5c0b21c30a04e22e9dcd0f205b192d83916ed8e7d09d6f89139a896fa5,01x05 - The Stock Tip,30,5.91893196105957,0.7761691808700562
082e8418962941f89fc94a1d3f62ab1c2c72b978f36f27f1ee3c93fea0917eea,01x03 - The Robbery,17,3.8334882259368896,-0.8234468698501587
09c74a9e4de0124995646e13d00565376796ce000388fe4bcbd41268392932c1,01x03 - The Robbery,12,4.4346184730529785,-0.5205711722373962
09efe55a639ee2fbaf7c639f441e1c9c1b3121557db92eed496aac58208c1570,01x05 - The Stock Tip,16,5.489214897155762,1.2185523509979248
0b6eef8c36b7951c433fbc44c597a8ab46eac0553d0b214b15c5bb555162bc8d,01x04 - Male Unbonding,3,1.0440764427185059,0.5078023672103882
0c6e99a3a5740eec1e3c2591bb313fdd2d2a7241ad2c392efbee1a8b10f76059,01x04 - Male Unbonding,16,2.100764751434326,1.5551819801330566
134efeefc651d27adb59af996ae93a0837faa892dce45e65236e9eac91b97c27,"01x01 - Good News, Bad News",11,4.9135966300964355,2.0842106342315674
155d01facab33d75af2d6a4767a8322aed02e30f71e7e32f1d2773d9de553987,01x04 - Male Unbonding,23,4.244424819946289,2.054208755493164
15d4779677933aae8490d0dbd2cb07d503f89c52b896d5aab33ec0852474d9e1,01x02 - The Stakeout,27,1.1526751518249512,1.4715032577514648
163c7b9e818a98f03f7d683ee0a5a0494bf95cfb227bec6369054cbc4c78eac6,01x03 - The Robbery,21,3.4817655086517334,-1.5053341388702393
173586dcca6f77a247d39e3128d41b214608ead1377024737d5db48f7464275c,01x02 - The Stakeout,36,2.483870029449463,1.0033539533615112
1805c8060538b10d9fb3f859248b7e2eb45f81c5d0a6f82221a8f2d8a280c7f0,01x04 - Male Unbonding,37,4.9407877922058105,-0.21406401693820953
1813cee465fb957640b8a7e200ab41c6e86c48590f0264d383fa14ac62ad6559,01x02 - The Stakeout,17,0.9653113484382629,-0.19891729950904846
1affba8e47a29d5ac697eecac3e92ff17d4ea376dcb0f041d176b13086c56e62,01x02 - The Stakeout,15,3.5649845600128174,0.7469514012336731
1c73a3fa852f0364d418e52101a36b357f2a271da44a9e7fe57a002d38e28ff1,01x04 - Male Unbonding,33,2.6653788089752197,1.0020846128463745
1e3d2f689f80d88ec17880fe06a86c3bab63a02490f0aa3a7c2f6d9a8fea453a,01x02 - The Stakeout,22,1.6212422847747803,-0.6369419097900391
205cb70235f81d1f23458cc7ab094c9a351cb90896c4f730baddf514896ab271,01x03 - The Robbery,26,3.7822279930114746,-0.9836812615394592
20f4e835d8d926f77f5c370eb975285c47914572fa70f22786956c8f4986c53d,01x03 - The Robbery,15,3.4216697216033936,-1.3781229257583618
212fc5976a93bb008559625811060ae48fb6298c247bf29869f5130a6986161d,01x03 - The Robbery,9,4.268497943878174,-0.6171501874923706
21f629060a48804a8e97342851bfa6d5e4c9a46dda8c4b44c768915f559e8645,01x02 - The Stakeout,21,1.3654249906539917,-0.423392117023468
23f9e7f0cd95efe68bedd34d77b3a65a8c45ea165ff823f26f368f33c02cbbba,01x02 - The Stakeout,6,2.264028549194336,0.7595454454421997
2437c2424e3bc97cba82cae212073294ff6906bf7684a4c7adf176392ef3b218,01x04 - Male Unbonding,24,3.453725576400757,1.8040748834609985
2558d5d2cb31584395fef366c8c94781184423dd79075651aea738f9245a0e03,"01x01 - Good News, Bad News",18,1.5725302696228027,0.28398212790489197
2562be689fbe019cc1976840bea517635646ae527e99284172bd64c4370ca409,01x05 - The Stock Tip,22,1.6526981592178345,3.1568446159362793
256e3d0afbde6be1918d5b420d72c28806ac068f530b7ac2b5661685a57ee960,01x05 - The Stock Tip,19,5.2755513191223145,1.8413320779800415
284d055593383b3d140da6251a49aed1a4416e43acbd9db942038e0b7afecfe6,"01x01 - Good News, Bad News",21,4.171516418457031,2.8534085750579834
289dcae22351fa1764dd8a92ad869272d6ebb5d7274030a84d21e5ed30867093,01x05 - The Stock Tip,26,2.9415431022644043,2.3039498329162598
2983f1d4fcc20e95556d96177b61b0af169f9d76b7c20beeb17a8d57d3b0322b,01x03 - The Robbery,1,3.7814652919769287,0.10509119182825089
2aed78096e42ad66ca635d8e6520a108a17731a4a8e1f0027ca285b62dbf88b9,01x03 - The Robbery,22,3.201157331466675,-1.1710621118545532
304e8568dd01c8912b377d912c7e63af45074b8fc377c056ceee0a0db730f7f3,01x02 - The Stakeout,20,2.219050407409668,0.23662422597408295
337a21d8c289d0e92ec2cfbb1348d2e673befd55235fa545794ee8e7e36c835f,"01x01 - Good News, Bad News",3,1.7925182580947876,0.17862164974212646
3bd9ffc45e533156d9c880f8a367ee8cca27c7ff4cb7ebbad36ac2f828b0633b,"01x01 - Good News, Bad News",20,4.002903461456299,3.012601613998413
3d9c5e56dc5974c5fc492382473957992d0ac6285443fff0bd7b34ff5bbf79cc,01x02 - The Stakeout,14,1.1824145317077637,1.8347406387329102
3de6f8ddb01cac88a52517ca40ba369367f5315bc69c143ab482d96286c24f1c,01x05 - The Stock Tip,14,1.8112330436706543,1.1393991708755493
3def8518559c4e00ca0c84f934ff4280a2a1b44ce415f0c76ddcd941a599b0d4,01x02 - The Stakeout,33,3.4936296939849854,0.8915066123008728
3e3f598b52732eeba676c777455f95d7cbcbb0090291cf3a24288a1f2871e50b,01x05 - The Stock Tip,20,5.0651631355285645,2.0216224193573
3facab49f684eed78ae2d3d848b2a74a43695fbb92047b057cc0db944b29f332,01x05 - The Stock Tip,9,1.3924243450164795,1.8346107006072998
4344e19ca2c040b570652b9c14f0582d0a4d8e572c08d05b904b5a4325a4163b,01x05 - The Stock Tip,3,1.7736588716506958,2.8190908432006836
4a66c509abcc1cc002e401a519732ea418f237cf1acc19a2ea8488c3977b9d6f,01x03 - The Robbery,20,3.5639796257019043,-1.5594544410705566
4aa4c8c9746e1d4d1d73eebb04821dbdef1c433abcff5f482b572a141ef2fc92,01x05 - The Stock Tip,25,1.6881484985351562,-0.5930725336074829
4cccb6d1735238e3eb61749c4ae83ee09bc2ef1ab2ba0713b2f5741adb71b103,01x03 - The Robbery,5,2.986362934112549,-1.2725067138671875
4d26f2182c6fd2f3662b645c6b42c3f55fc556b401c13b1d2bd70063a0ed987a,01x02 - The Stakeout,4,1.8700529336929321,-0.19477063417434692
4d763932fdce8154c0d979b6a233ec49edcf38bc2197aa6d2a72fce70bcda539,01x02 - The Stakeout,2,4.470490455627441,-0.16062170267105103
4dc72878b7800f5aef4fc5ec87ccbcdce9b70b754641f2153a0a7e3f7faedaa1,"01x01 - Good News, Bad News",15,3.3937175273895264,0.63465416431427
4f3f5cd4db25d7d2b4c079b9f197dddd4ce63695a463912fcadeeec5841fe4bf,01x04 - Male Unbonding,19,1.3961155414581299,1.4329159259796143
4f821ba2b1da41d3ee470cb1d9d19964ee209e499a31af9642dd32b22ab3d5d0,"01x01 - Good News, Bad News",1,4.086495399475098,2.368311882019043
4f8f73f770db920720c8bfa00865803daea5b4796a0963bb3b0e50e7c99386c9,01x03 - The Robbery,33,2.98153018951416,-0.512978732585907
518a2e9c95d34dd5a36fa7793ef1ec9bbd411b8b3212b509a7bc3a7c5f66c587,"01x01 - Good News, Bad News",22,3.806431770324707,3.223184585571289
51c30ff89ed6db23bceb777efe605f9b0e1f54988234316c7702003d23890680,"01x01 - Good News, Bad News",13,4.322922229766846,0.44221746921539307
576b906f29e80fe0d32af739a4d1873a2d70d3594fcd57d3926fa39d96aca105,01x02 - The Stakeout,26,1.7201188802719116,-0.5171037316322327
58a804cc43ab9dd3b6f7e3364a1ba7df7978c3f021d09f50ebd2070df9db1558,01x05 - The Stock Tip,11,6.059521675109863,0.602655827999115
58fed65d05b2ee52eea5b2d1e9f99a11c20f684ef9f582a01ba8910c1e3f5019,"01x01 - Good News, Bad News",31,4.334514141082764,3.247076988220215
59aef76e9104fa3d88ab57b03ae59feba89ea87e3a9786892495cd83e3b5e4d5,01x05 - The Stock Tip,8,3.025280237197876,0.45461612939834595
5a8d8fd332352b8c33a502453133a9d4a5d8e991b4ae4eb75562a6162218cdbf,01x05 - The Stock Tip,10,2.813614845275879,0.0365966260433197
5bb55cbc7d670a3cf5c2214da4f6dfe3b4cc9f76165a19e7f6068b90da02a18d,01x02 - The Stakeout,9,2.0605528354644775,-1.1084036827087402
5f300a90cc64acbba67a54760bbabc9a7b0c3cc0ba0b260238e4369a4795becb,01x05 - The Stock Tip,18,5.191849708557129,1.6047629117965698
6093cca49a919121780ff3c78713633f75b89334b27e2bd0c2cd0becc6659904,01x03 - The Robbery,35,4.946747779846191,-0.28264743089675903
61210fc49216e1ff4783f9b7381e57edb8f1a8723e91e05154eec9d850ff8bb9,01x04 - Male Unbonding,32,3.7718725204467773,1.4269015789031982
61de7fd9efbe7e38f2536e36ed90e0d67f9b5f76f4517f4676ab91fbd992813f,01x05 - The Stock Tip,15,5.825615406036377,0.909216046333313
644a3a68bcd720375eb478537d6272cb9b008c0d210f0f9b4abee308aea33b83,"01x01 - Good News, Bad News",23,1.6239525079727173,0.14422942698001862
649d8d819029bb8a31b463099fc3465470fcd4f590ba7bd34b497e0dd4843fe6,01x03 - The Robbery,24,4.331778526306152,1.0085465908050537
6662c85ac552cd83a12e17bfafbe905b2efba138dba719f2897fbbadad672b18,01x04 - Male Unbonding,27,3.6601123809814453,1.3061894178390503
67031bcc039fbb257cc1f7063ac46b78bd5d0d7f8faacd6a813211ff3c991581,"01x01 - Good News, Bad News",17,2.3098015785217285,-0.3928181827068329
67e80f62720cfb6acc818810fe4c18affa60028f8f68edb05d46a1d51fee4dca,01x03 - The Robbery,4,1.8599849939346313,0.5999894142150879
681e6ebb69786293bf59858a887d93854c619780df5e9b6fc029847d0f7396da,01x05 - The Stock Tip,12,5.993474006652832,0.6311150789260864
6912487dc1c35ed133603e7019120d00f276aae9c9668de7ad3006d60e214a95,01x03 - The Robbery,7,4.117245197296143,-0.9684708714485168
698503ac3c07eee7497acb31ef6d5bb137a1e7b6057a40f0374b918ba740cf1c,01x04 - Male Unbonding,5,1.9397002458572388,-0.8931634426116943
6c8af30d976eb4104ac69ef737d15143f85ec0a7a325d26d39d92faad4d85258,01x04 - Male Unbonding,18,2.6118626594543457,0.8211640119552612
6cecfdac1a16339b70e5ae36d94caf365d2763785733d2134750c95e1e6e744e,01x04 - Male Unbonding,26,4.631714820861816,1.2001636028289795
6d1d4b06d0b56ed7a8cef2b243ed00c681b3bfbdcef27e42b55ffe8342744ce3,01x03 - The Robbery,31,3.1698973178863525,-1.2058371305465698
6d8c1f117428960f75afeb416c8ff0f00e36ced3832f343abdccacbeab9a7be3,"01x01 - Good News, Bad News",14,1.6294249296188354,0.9184858202934265
6dc3d1f7f351c2fdac3fa418bc6e15794db66751d02f1c8e8558afd4b11923e3,01x05 - The Stock Tip,33,1.599606990814209,2.7658731937408447
6de3beb2a788e1a77bc7d6380bccc273de9f89b26575f3fae47be76275adca68,01x04 - Male Unbonding,7,2.66237473487854,1.9944506883621216
6e216f469a90e54571b46cd53c69527d2d9d7b30a04c39c64534755e193a3d8d,01x03 - The Robbery,25,3.906428575515747,1.1509300470352173
6ff12f32bc903fee4e3319eb59d2f7c4f9616baf3ed0788abcdc0462d3487639,01x02 - The Stakeout,37,1.558042049407959,2.0560946464538574
70922b78c6d30fa1b2edd0185bd2192cac8a663803b43e618a851a92c916bdbd,01x05 - The Stock Tip,35,3.4489617347717285,0.2787629961967468
70a74f4ed59930d63d4a9ad924dbc3490732dcb2a1d378a0fcaf3fc1387ca5a8,01x05 - The Stock Tip,28,3.4069325923919678,-0.5709083080291748
727bd3710a0800e0661aaaab44dfb6832b0ba4107deefefa7ab3c07b35100b54,01x03 - The Robbery,30,3.7892515659332275,-0.3752184510231018
742f8302f54a66fd5829759613432140bf7c66e76a95faf78a43b156807cfd0c,01x04 - Male Unbonding,4,2.2815794944763184,-1.0596637725830078
7436b8de916c458ce8db106e84ba35cd7b58ad3b0b80c9cb2a135f6316ce1d5e,01x02 - The Stakeout,34,2.185152769088745,0.9103087782859802
7446ae913e55f3f4e979bfa8ed5d073b9aef1cb05094b2a6f922a7a5802da466,01x05 - The Stock Tip,27,5.589694976806641,0.6637323498725891
7451a96e2bb8affa1926ee7c2e045fb18ab3d763600b15fb30a96bae8cd3eb4d,01x05 - The Stock Tip,2,4.742125511169434,0.5321566462516785
75143d0091e78a476e11a5faf0d0792accba890a5ae7ffd69d36a18a883b24ba,01x05 - The Stock Tip,29,4.684263706207275,0.8556948304176331
75dab7aa74e1aa83c184cc00f67a0d1b291a256de38650c3787595dae6e53387,01x02 - The Stakeout,16,1.9948772192001343,0.7180461883544922
7845f2a5b25509312fc0367f138ae127ddd643bf25d00f590856e8cae0d40ec3,01x04 - Male Unbonding,17,1.845032811164856,1.7020827531814575
7bfe449aeabc3002b5e6f394b804e7cbe7b03ebae9445c36d03fb465d60970dd,01x05 - The Stock Tip,0,4.753106117248535,2.5313215255737305
7ce8e44e4d84c39e33e7687157debe4d46303ca8e2bcfc40e712143b163e2456,01x02 - The Stakeout,0,4.6945576667785645,2.703947067260742
7f0c14bb573886adb2e6e63c52683f25aa390679e918c8392a24173b8268938f,"01x01 - Good News, Bad News",9,1.2938700914382935,0.7751559019088745
842662d891820da1732eaa1349a73dca5c37c50f80e3441e056b5b8cc8eacd48,01x03 - The Robbery,10,4.4376220703125,-0.5594466328620911
85ee9c23e64e395d60325f91590f89c7b122fe90d3915636dbb16aa400c61d26,01x05 - The Stock Tip,32,5.769097328186035,0.9102738499641418
87918aab7a9ad01c9dba6230908837abcfd2bcbd2159ccf269323cecbaf1b42b,01x04 - Male Unbonding,20,1.0602359771728516,1.299622893333435
882ce7cf31503c8d2b2387d8fec7bb897d431e3a39293a862cb6343077552804,"01x01 - Good News, Bad News",6,1.331699013710022,0.4083211421966553
8b150bd51451a0a7b3f02b5473c3c5703bb3ba849a041abc3c066e09918a31c1,01x04 - Male Unbonding,11,1.610293984413147,2.2048799991607666
8ca00091fff0e575f9f37df0907022b8f7543810bf79343c7eb65098ba9accd4,"01x01 - Good News, Bad News",16,1.2996104955673218,1.1619242429733276
8d8e2a9e324d534b972a4f4a273074c54e8a46db4f88709da94ff3ede85198cc,01x05 - The Stock Tip,23,1.5377718210220337,3.1132850646972656
8e33f4a0e96594f53462b5c5dd77995d71db61691f76d303fad51454bd21cb0c,01x02 - The Stakeout,31,2.9114596843719482,1.5123167037963867
909802ab660f5a45b27a3c6333b2a4699e0c1d39d628097ec08b5690c617a8da,01x03 - The Robbery,18,3.190122127532959,-1.1226025819778442
91a51e92369dd4b631d43fb2a2fae40b5379d37812df61549ede0dfd340845d7,01x03 - The Robbery,13,3.596851348876953,-0.8444926142692566
92125ab30c68278ca20639d553f04dad24d3154fb15e7ab2dbab19de46b98b4b,01x05 - The Stock Tip,36,5.716307640075684,1.2992477416992188
9234813b5963a99543fe0ca921b614c0ceac8c4fd065697128159c4a42649096,01x02 - The Stakeout,7,3.2326743602752686,0.0696452409029007
9289e5d5bb993776b5f18271b3401b73a7eec60d7c5388fb36a682a586ee4723,01x03 - The Robbery,29,4.2214460372924805,-0.16699549555778503
941f73cee062c533d26e39259a005331fd2158b711e225e1ae27418bc8d6c332,"01x01 - Good News, Bad News",28,1.2977747917175293,2.0334482192993164
96f30bb8063b59041fd04409f6b7aae45f09ad21232cf0df81799ebc50ca84a7,01x04 - Male Unbonding,8,3.06807804107666,1.0412697792053223
98a8bf5f74198f217735ee23ddc0ef2ef94f3935fb78d106c3e049bfced48b4f,01x03 - The Robbery,6,3.7257463932037354,-0.46293267607688904
9a81ead6ba817584fd86ac0636b1330345e82fefff36d220143552beff663030,01x05 - The Stock Tip,4,1.4104430675506592,2.592323064804077
9edc79cd4c2863100b9fe7121b16159c28d197db0c3e39b63337b5bd45d95094,01x02 - The Stakeout,25,1.9770902395248413,0.570391058921814
a08f66015f8e6e9ac57fc1b7391fc84c258de7c8d2e63f6d351c122d2114d3e8,01x05 - The Stock Tip,31,5.365749359130859,0.47793614864349365
a14587f1e5b8796b79234047f1839902960e524cc44fc14d4a9b2a642a861a78,01x04 - Male Unbonding,21,3.6769752502441406,1.5552576780319214
a277ca6374ac4dfd05b19aae4e2326cb5d0ad157bdd023dc796b7f1f1dd431b7,"01x01 - Good News, Bad News",10,4.996737957000732,2.119535446166992
a3a86cd2709f8cbec5610119d90cd70fa7b716a3ae9675e38ebf8f28510748f8,"01x01 - Good News, Bad News",8,1.2172904014587402,0.9028671979904175
a3ac5aa34ea7894df85f026e111e7a4beb3a839940e145ba7e89479a412b9752,01x04 - Male Unbonding,35,2.401965379714966,2.0006062984466553
a3fbab205d5452799004b9fb9027f130682191c1172327352f1812da7df89a4c,01x05 - The Stock Tip,38,4.544477939605713,2.658414602279663
a5bbc6bb13c6919d3dea43a45a704c505e03e9a10a62974c9adea9e1e219b8d1,01x05 - The Stock Tip,6,5.6510772705078125,1.0866942405700684
a65bf806c0ebfa21b95d6ca5141d1619054d59dce923adf8c32c08902c2bda80,01x02 - The Stakeout,8,1.5896592140197754,1.4067304134368896
a6a0e418c1cc1c31db84f70a43a75d112b27d7debedb1696718976a262d02332,01x05 - The Stock Tip,1,4.7831807136535645,0.5582797527313232
b08eac9ff73bc8104b4ee266e1eadf02bc4aa629e3e520b75985d449040a2d5a,"01x01 - Good News, Bad News",27,1.3866803646087646,0.5173495411872864
b2159fbb1563f08ac7d2d9106626d5eb2343a5421606a471e64aaecde3035de1,01x05 - The Stock Tip,21,1.6392256021499634,3.154454469680786
b3b9a9494a79c57615eab74580cf23fd1ef17c41a27d1a5a60d3db4a81715659,01x04 - Male Unbonding,14,2.341118097305298,1.6194286346435547
b899d3c5dafac00b0a8b0469538083d03de287ac1e3ad526ba1496b58640a65b,"01x01 - Good News, Bad News",29,4.08082914352417,3.2861170768737793
b913164930dfc1cdead527024dca0c1a2b74ce69ee56ac02d45dbc27a159fe2a,01x03 - The Robbery,16,3.4904651641845703,-1.367174506187439
b9296da5669b022790d914e8b68edc9e67f6443cd6a176e8894f6239573f9f5d,"01x01 - Good News, Bad News",2,5.365715026855469,0.23144108057022095
bcfe84962a8c4139d4ef018208b6ccc91117e7556e3505d2d96094a78783956d,01x04 - Male Unbonding,25,4.262662887573242,1.1434595584869385
bfde10b61f435fc4da448e84c1b920d2154565c20b23ee3a4edd828dd8d0334b,01x05 - The Stock Tip,24,5.611465930938721,0.23634569346904755
c203c4faf8b1f89ac585de4d26706a366139435d1751fb6f4332f6efcdc7630a,01x02 - The Stakeout,13,1.5090844631195068,1.7244371175765991
c23f3decb126cd465d8b973afb6a1f4409d50db2df080e59d3a4ce0d27864ca9,01x03 - The Robbery,2,3.64373517036438,-0.014470263384282589
c8bd3c74aab666ca881fcde1780ac6736f52e48a49014b54880175d12d8ef598,01x03 - The Robbery,28,3.502423048019409,1.0816045999526978
c8ea232bfa10d75c53f4c9e77ab66907b865a07cad9bd29fbbeecc96b18868a3,01x03 - The Robbery,14,5.358590602874756,1.4998232126235962
c959dae3f7cb46b070f8805c886dac28a7742730fb537511f7be888c78938f5c,01x05 - The Stock Tip,7,5.962853908538818,0.7859389781951904
cb6b312474f7f88d84035fc024adee3880c7a09f35b95ad64aba7a1dace08794,"01x01 - Good News, Bad News",12,4.308379173278809,0.4290175139904022
cbdac44809dc363761418c69e9d699abe6b4431ed47bb1af28d17726a5d0cc96,01x02 - The Stakeout,12,2.17353892326355,-1.2086559534072876
ce2a7594ada759d6bf6fa1a3e7086aa7eb8d3f851b773330afc689df46bac55d,01x04 - Male Unbonding,34,2.825734853744507,0.754787802696228
cfee3462f6e9696b41adbc7520b93f000efa056614cca2520b590509075cec7b,"01x01 - Good News, Bad News",26,2.9338834285736084,-0.15927430987358093
d0666fc8c899a2269e07ba275e4b76a594ca4215e2a205f27cbb2e5053fc9a61,01x04 - Male Unbonding,0,4.242377758026123,3.3477327823638916
d1ca054b7f4e27eb803282f73db3fa06d8df88b536500c5dae36903038c6c999,01x03 - The Robbery,8,4.393579483032227,-0.3410085141658783
d2b40aa67ff6223c974b082055613abca23e8f4c8eb23d19ed980028a74eaf03,01x03 - The Robbery,19,3.657453775405884,-1.4185583591461182
d3428ed1707f993035139430db8c6fc62cf7c242bd125034d0e5fccb074d0309,01x02 - The Stakeout,1,4.862205505371094,2.6354928016662598
d34eb4c8b4ee487ec526f52b2a297e023c8a72c1be28874cd01b6d3ddae90993,01x04 - Male Unbonding,29,2.851135015487671,1.8583425283432007
d3f2052335d8dea6a03b185dec30cdfe4971069ca9df503e1933c2d0ca468dfa,01x03 - The Robbery,23,3.881976366043091,1.0428274869918823
d6bffc1758714123cfc02b9f11a4e9d5899bc358a8d90744d3d36e6cfa635821,01x04 - Male Unbonding,9,3.9897658824920654,1.1960835456848145
d728de4c751248f49ee2e7e3ba291384ca3d127b33d8c74860b2a8963aa179a3,01x02 - The Stakeout,28,0.7528717517852783,0.3613997995853424
d7bed5a829f6f5344a14dad914c917ebfec6d67c9fd77db4878f38394845a040,01x02 - The Stakeout,35,2.3104279041290283,1.2211649417877197
d81222a0249c699d93bb5ee5982e48066152b356efe99e12e2f41a085562bb64,01x02 - The Stakeout,18,1.2916083335876465,-0.399944543838501
d8277341e8493edd5cb73094b235f0217f0011ca09e762bb9e9ac495ea4dc6e6,01x02 - The Stakeout,10,3.205906629562378,1.0589815378189087
da450f1716b6a280a4c7f4790fc001da126b45e9f1e6b201c6313fcf37d1b5ce,"01x01 - Good News, Bad News",30,4.382387638092041,3.137817859649658
dc0abab236e096a458d6166a949bdc5ab8785cf8e02eebef466010360b4a3845,01x04 - Male Unbonding,12,3.086324453353882,0.5429860353469849
dd7c65cadb4a4cdfd7e27259d5bc79597ed70e4ec13dc561f8012d91f47b39ad,01x02 - The Stakeout,24,1.4991719722747803,-0.42379122972488403
de7052843acdc8d7fb25036b619e03c4f084597daab2365914f1592b027d1037,01x02 - The Stakeout,11,2.3157026767730713,0.6191076040267944
decaaf64b944285fdc4191fa974b32bdabf8f64964f01fb68b57c7eaa6269e26,01x03 - The Robbery,34,4.049169063568115,-1.2079509496688843
defc2861e3db1353cbca9b847f60744901f63b6ce36cd7dd97a613c26237822c,01x05 - The Stock Tip,34,5.018172264099121,0.748711347579956
e09a4a6aa4be7a242b9aefb263acd3ad425533c28884961fe87934a9e4551dc5,"01x01 - Good News, Bad News",4,0.9483559727668762,0.39017772674560547
e14a2ebecf50372a5a6bfc343b446b05dc98699c5b429afe3747c49a5611ccb6,01x02 - The Stakeout,23,1.819440484046936,-0.6425050497055054
e1ee7557e8f034d5da134f7f8ba730a9081d1a437243dbdf10ce7da843d8124d,"01x01 - Good News, Bad News",7,1.121814489364624,0.9069194793701172
e2aaf657b95ec026f2825130feb285d6e60752260ac1bc695c7e248ad39d4def,01x04 - Male Unbonding,15,1.8433433771133423,1.9488052129745483
e2c824759cca686a157b4975ac7e06418255942874402cacea92602ee2ccd50b,01x03 - The Robbery,27,2.7111196517944336,2.0724990367889404
e702a2b70ad53d2a201782df8278cb81775f057f190b6a048313fa3d19d2a417,01x03 - The Robbery,0,4.727579593658447,2.822451591491699
e80028114ea9d096f89989a3b35778ae54b675ffa9989a8521c23de254d5dab1,01x04 - Male Unbonding,2,4.2030205726623535,3.448380947113037
e833f60becc16d28f866e0b4676c642557ccd56455fb2eb8dc13fc3c80f05c7a,01x02 - The Stakeout,30,1.0478572845458984,-0.18026842176914215
e894afb47a1bb89ec6c097447951e4b1af896cc6c5790cf703f3d0b13ef08259,01x04 - Male Unbonding,10,1.7556788921356201,2.3726441860198975
eb16cc3e9eb9e8201922cfe10664757a62a52b0da34111cb0700d4d4a9e1ef88,"01x01 - Good News, Bad News",19,2.6796560287475586,-0.9331730604171753
ebbcc8ed3e81b6f7158be35fcb27706aa9665a9d01e310eac19036d7afa98149,"01x01 - Good News, Bad News",24,2.8355841636657715,0.15355396270751953
ec2d8b4352509173fb7b965b9d32dbe87748cf88d0e2106312efb1b1d8848a37,01x02 - The Stakeout,32,2.9956841468811035,1.4304895401000977
edd59c3662b5483f08d4bf8e0c554fc9848d6ee5cde5515be9165ca569e43b28,01x03 - The Robbery,32,3.7037770748138428,-1.0608681440353394
f1b1e62d3148a8bf1b31f0bf915fe8e30c9a57c31e31bb414c32ce8bb7e2dc70,01x04 - Male Unbonding,6,2.6069931983947754,1.4443020820617676
f2051dc866eb1f6cd7e61c889b12b6c0886d4fd6a9adf448ff4868cb8e062bc6,01x02 - The Stakeout,29,1.0946977138519287,0.016479725018143654
f2658a03a94d4ed836b38673da898d1c43398554113906e6a7821f7075f65ae8,01x03 - The Robbery,3,4.0928144454956055,-0.15616266429424286
f3c1cac7b0a7121a507f5975771233abb0ac2c6b464b2457dee661eeaad85bc6,01x02 - The Stakeout,3,0.6537702679634094,1.144838571548462
f3d8bcde87220a61d6f06af43800351bc4dd9484e006487ba14fa1d0f4ed4922,01x03 - The Robbery,11,3.9407148361206055,0.5862798690795898
f43648428f63ce3803f9556a30563b6498b8d8ae78e675e0f8d59796a673e6b4,01x05 - The Stock Tip,13,5.702796459197998,1.0365231037139893
f458eb693c174a59ba39239630f78838410e73ce98f82b6cddf0f2739805d2cc,01x04 - Male Unbonding,30,3.0403757095336914,1.3794546127319336
f5320ab129c93251bf513ad3d6cf68b22cc3410c69f25d3cbc6720911566fb44,01x02 - The Stakeout,5,0.5744060277938843,0.7748398184776306
f834ec0e6d23bad7a503147288399c35fc9f64b55ae28632f8775b17365ebaac,01x05 - The Stock Tip,5,5.2626729011535645,0.3311125636100769
fb6d08f21894c343eeac907bfe32bf02992e022a8cf192815024bc41b92f832b,"01x01 - Good News, Bad News",5,1.3090977668762207,0.2845614552497864
fb6d2700d2d3ea57fe4af14e078d23bdd06fe32fe1aab48732482b31d91019a4,01x04 - Male Unbonding,28,3.234718084335327,2.0384087562561035
fc7b9736364c18ce8c461848a0f99d9260bd72b877e22f46c7a47a885f104c22,01x04 - Male Unbonding,36,2.1566317081451416,1.3863123655319214
