episode,scene_index,scene_id,content_state,has_transcript,x,y,entities,dialogue_hints,artifact_hints
"01x01 - Good News, Bad News",0,03bcef188fdecd355b754c15a2f1e5491e87e75f2662699815291b3ac1e28394,signal,1,-12.379560,-11.094341,This; And; People; Not; We're; There,,
"01x01 - Good News, Bad News",1,4f821ba2b1da41d3ee470cb1d9d19964ee209e499a31af9642dd32b22ab3d5d0,signal,1,-12.830472,-11.365170,You; Get; Then; What; Once; Wherever,,
"01x01 - Good News, Bad News",2,b9296da5669b022790d914e8b68edc9e67f6443cd6a176e8894f6239573f9f5d,signal,1,7.803090,-8.137457,Se; Costanza; D; K. F; D. K. F,,
"01x01 - Good News, Bad News",3,337a21d8c289d0e92ec2cfbb1348d2e673befd55235fa545794ee8e7e36c835f,signal,1,7.180710,-6.058780,Claire; George; Laura; Michigan; Lansing,,
"01x01 - Good News, Bad News",4,e09a4a6aa4be7a242b9aefb263acd3ad425533c28884961fe87934a9e4551dc5,signal,1,7.666139,-4.902789,God,,
"01x01 - Good News, Bad News",5,fb6d08f21894c343eeac907bfe32bf02992e022a8cf192815024bc41b92f832b,signal,1,7.489815,-5.073812,You're; Why; What; Maybe; You; All,,
"01x01 - Good News, Bad News",6,882ce7cf31503c8d2b2387d8fec7bb897d431e3a39293a862cb6343077552804,signal,1,6.375122,-5.427858,Claire; George; New York,,
"01x01 - Good News, Bad News",7,e1ee7557e8f034d5da134f7f8ba730a9081d1a437243dbdf10ce7da843d8124d,signal,1,4.962429,-3.063618,Jerry,,
"01x01 - Good News, Bad News",8,a3a86cd2709f8cbec5610119d90cd70fa7b716a3ae9675e38ebf8f28510748f8,signal,1,4.139944,-3.207704,Jerry; Laura,,
"01x01 - Good News, Bad News",9,7f0c14bb573886adb2e6e63c52683f25aa390679e918c8392a24173b8268938f,signal,1,3.564584,-2.976484,See; Same; Like; Let's; You're; You,,
"01x01 - Good News, Bad News",10,a277ca6374ac4dfd05b19aae4e2326cb5d0ad157bdd023dc796b7f1f1dd431b7,signal,1,-7.412144,-7.536311,Lau; ##ry Day; Neil,,
"01x01 - Good News, Bad News",11,134efeefc651d27adb59af996ae93a0837faa892dce45e65236e9eac91b97c27,signal,1,-7.039089,-7.909424,Met Game; Met,,
"01x01 - Good News, Bad News",12,cb6b312474f7f88d84035fc024adee3880c7a09f35b95ad64aba7a1dace08794,signal,1,-5.464922,13.224669,It's; Yeah; I'm; You; Meat; But,,
"01x01 - Good News, Bad News",13,51c30ff89ed6db23bceb777efe605f9b0e1f54988234316c7702003d23890680,signal,1,-5.505980,13.282337,What; Well; That's; You; Yeah,,
"01x01 - Good News, Bad News",14,6d8c1f117428960f75afeb416c8ff0f00e36ced3832f343abdccacbeab9a7be3,signal,1,-4.221167,11.853046,You're; Thought; I'm,,
"01x01 - Good News, Bad News",15,4dc72878b7800f5aef4fc5ec87ccbcdce9b70b754641f2153a0a7e3f7faedaa1,signal,1,-3.147430,12.596651,Laura; George,,
"01x01 - Good News, Bad News",16,8ca00091fff0e575f9f37df0907022b8f7543810bf79343c7eb65098ba9accd4,signal,1,-0.179604,12.915600,U,,
"01x01 - Good News, Bad News",17,67031bcc039fbb257cc1f7063ac46b78bd5d0d7f8faacd6a813211ff3c991581,signal,1,1.038111,13.456495,New York City; Jerry,,
"01x01 - Good News, Bad News",18,2558d5d2cb31584395fef366c8c94781184423dd79075651aea738f9245a0e03,signal,1,-2.639286,13.357687,Signal; George,,
"01x01 - Good News, Bad News",19,eb16cc3e9eb9e8201922cfe10664757a62a52b0da34111cb0700d4d4a9e1ef88,signal,1,0.154614,14.506367,I'm; Yeah; That's; Now; Because; What,,
"01x01 - Good News, Bad News",20,3bd9ffc45e533156d9c880f8a367ee8cca27c7ff4cb7ebbad36ac2f828b0633b,signal,1,-7.447343,-10.779803,Well; I'm; All; Let's; The; Pressure,,
"01x01 - Good News, Bad News",21,284d055593383b3d140da6251a49aed1a4416e43acbd9db942038e0b7afecfe6,signal,1,-8.038712,-11.278655,You; Women; This; We're; What; I've,,
"01x01 - Good News, Bad News",22,518a2e9c95d34dd5a36fa7793ef1ec9bbd411b8b3212b509a7bc3a7c5f66c587,signal,1,-7.858451,-10.155339,Bill,,
"01x01 - Good News, Bad News",23,644a3a68bcd720375eb478537d6272cb9b008c0d210f0f9b4abee308aea33b83,signal,1,-8.562767,7.112285,You; I'm; Don't; Uh-huh; That's; Right,,
"01x01 - Good News, Bad News",24,ebbcc8ed3e81b6f7158be35fcb27706aa9665a9d01e310eac19036d7afa98149,signal,1,-8.535170,8.169234,George; Laura,,
"01x01 - Good News, Bad News",25,01ca9818e8a1ba151b29458021bfa5db117f75372729aa555fa11008dca8b970,signal,1,2.286994,13.917166,Jerry,,
"01x01 - Good News, Bad News",26,cfee3462f6e9696b41adbc7520b93f000efa056614cca2520b590509075cec7b,signal,1,2.748289,13.188782,Manhattan,,
"01x01 - Good News, Bad News",27,b08eac9ff73bc8104b4ee266e1eadf02bc4aa629e3e520b75985d449040a2d5a,signal,1,2.724113,11.976758,Yeah; Yes; Hold; It's; Hello; I'm,,
"01x01 - Good News, Bad News",28,941f73cee062c533d26e39259a005331fd2158b711e225e1ae27418bc8d6c332,signal,1,-10.230631,-4.847637,Never; You're; You; I'm; It's; He's,,
"01x01 - Good News, Bad News",29,b899d3c5dafac00b0a8b0469538083d03de287ac1e3ad526ba1496b58640a65b,signal,1,-9.577353,-9.799286,I'm; Women; They're; Men; What; That's,,
"01x01 - Good News, Bad News",30,da450f1716b6a280a4c7f4790fc001da126b45e9f1e6b201c6313fcf37d1b5ce,signal,1,-8.794756,-10.700854,The; Have; What; This; How; Men,,
"01x01 - Good News, Bad News",31,58fed65d05b2ee52eea5b2d1e9f99a11c20f684ef9f582a01ba8910c1e3f5019,signal,1,-9.250733,-11.217699,Whatever; Now; Okay; That's; We're; Thank,,
"01x01 - Good News, Bad News",32,baa5775dcf9360a44eafd6961ac625c883227f86e03ba16678b41a8eaf75b5dd,empty,0,-14.868998,-10.832252,,,
01x02 - The Stakeout,0,7ce8e44e4d84c39e33e7687157debe4d46303ca8e2bcfc40e712143b163e2456,signal,1,-10.182422,-12.014683,I'm; Two; One; The; They; You,,
01x02 - The Stakeout,1,d3428ed1707f993035139430db8c6fc62cf7c242bd125034d0e5fccb074d0309,signal,1,-10.296573,-12.559086,But; Who; There's; I'm,,
01x02 - The Stakeout,2,4d763932fdce8154c0d979b6a233ec49edcf38bc2197aa6d2a72fce70bcda539,signal,1,-0.524037,-11.927186,Chinese,,
01x02 - The Stakeout,3,f3c1cac7b0a7121a507f5975771233abb0ac2c6b464b2457dee661eeaad85bc6,signal,1,-0.330286,-10.924531,Stevens; Pamela,,
01x02 - The Stakeout,4,4d26f2182c6fd2f3662b645c6b42c3f55fc556b401c13b1d2bd70063a0ed987a,signal,1,0.061937,-11.619953,Riverside Drive,,
01x02 - The Stakeout,5,f5320ab129c93251bf513ad3d6cf68b22cc3410c69f25d3cbc6720911566fb44,signal,1,0.098668,-11.127247,Saturday; Have; You; They're; Yeah; Hey,,
01x02 - The Stakeout,6,23f9e7f0cd95efe68bedd34d77b3a65a8c45ea165ff823f26f368f33c02cbbba,signal,1,11.667855,-4.237346,Pamela; Jerry; Elaine,,
01x02 - The Stakeout,7,9234813b5963a99543fe0ca921b614c0ceac8c4fd065697128159c4a42649096,signal,1,11.756557,-5.444332,I'm; I'll; Uh-oh; Why,,
01x02 - The Stakeout,8,a65bf806c0ebfa21b95d6ca5141d1619054d59dce923adf8c32c08902c2bda80,signal,1,10.321779,-6.641769,B; Brooke; Jerry,,
01x02 - The Stakeout,9,5bb55cbc7d670a3cf5c2214da4f6dfe3b4cc9f76165a19e7f6068b90da02a18d,signal,1,10.197425,-6.108027,Cherry,,
01x02 - The Stakeout,10,d8277341e8493edd5cb73094b235f0217f0011ca09e762bb9e9ac495ea4dc6e6,signal,1,10.760247,-5.981475,Elaine; Pamela; Sa; Bennett Robbins; Oppenheim Attack,,
01x02 - The Stakeout,11,de7052843acdc8d7fb25036b619e03c4f084597daab2365914f1592b027d1037,signal,1,10.580022,-5.147499,Ted,,
01x02 - The Stakeout,12,cbdac44809dc363761418c69e9d699abe6b4431ed47bb1af28d17726a5d0cc96,signal,1,0.195676,-7.407411,You; Why; Well; I'm,,
01x02 - The Stakeout,13,c203c4faf8b1f89ac585de4d26706a366139435d1751fb6f4332f6efcdc7630a,signal,1,-10.347533,-6.609931,Plato,,
01x02 - The Stakeout,14,3d9c5e56dc5974c5fc492382473957992d0ac6285443fff0bd7b34ff5bbf79cc,signal,1,-10.225223,-6.137650,Rico,,
01x02 - The Stakeout,15,1affba8e47a29d5ac697eecac3e92ff17d4ea376dcb0f041d176b13086c56e62,signal,1,-6.679596,3.843737,Jerry; Kramer; Aaron,,
01x02 - The Stakeout,16,75dab7aa74e1aa83c184cc00f67a0d1b291a256de38650c3787595dae6e53387,signal,1,-6.170600,3.070249,Elaine; Marilyn,,
01x02 - The Stakeout,17,1813cee465fb957640b8a7e200ab41c6e86c48590f0264d383fa14ac62ad6559,signal,1,-7.347407,2.155499,You; Well; And; She,,
01x02 - The Stakeout,18,d81222a0249c699d93bb5ee5982e48066152b356efe99e12e2f41a085562bb64,signal,1,-7.128180,2.689596,Jerry; Sophia Lo; Lo; ##nn; ##ie Anderson; Elaine,,
01x02 - The Stakeout,19,009ba03bb90845030f6a5105e99e849c7647641df15faccd2f406e11660cb950,signal,1,-5.765706,2.380585,Elaine,,
01x02 - The Stakeout,20,304e8568dd01c8912b377d912c7e63af45074b8fc377c056ceee0a0db730f7f3,signal,1,-5.435778,1.900238,Elaine,,
01x02 - The Stakeout,21,21f629060a48804a8e97342851bfa6d5e4c9a46dda8c4b44c768915f559e8645,signal,1,-0.518315,1.294039,Lo; ##nn; ##ie Anderson; 48th Street,,
01x02 - The Stakeout,22,1e3d2f689f80d88ec17880fe06a86c3bab63a02490f0aa3a7c2f6d9a8fea453a,signal,1,-0.255395,0.849542,You; What; I'm; You're; Just; She's,,
01x02 - The Stakeout,23,e14a2ebecf50372a5a6bfc343b446b05dc98699c5b429afe3747c49a5611ccb6,signal,1,0.442695,0.783219,Bert Harvinson; Art; Core; Art Core,,
01x02 - The Stakeout,24,dd7c65cadb4a4cdfd7e27259d5bc79597ed70e4ec13dc561f8012d91f47b39ad,signal,1,0.361787,1.828305,Lane; Art Corvalle; Van Delay; Corvalle,,
01x02 - The Stakeout,25,9edc79cd4c2863100b9fe7121b16159c28d197db0c3e39b63337b5bd45d95094,signal,1,1.084600,2.574692,Pam; Jerry; George; Vanessa,,
01x02 - The Stakeout,26,576b906f29e80fe0d32af739a4d1873a2d70d3594fcd57d3926fa39d96aca105,signal,1,1.443368,1.225939,Boston,,
01x02 - The Stakeout,27,15d4779677933aae8490d0dbd2cb07d503f89c52b896d5aab33ec0852474d9e1,signal,1,5.949615,-1.987590,And; What,,
01x02 - The Stakeout,28,d728de4c751248f49ee2e7e3ba291384ca3d127b33d8c74860b2a8963aa179a3,signal,1,-3.806498,3.984191,Kramer; Marty,,
01x02 - The Stakeout,29,f2051dc866eb1f6cd7e61c889b12b6c0886d4fd6a9adf448ff4868cb8e062bc6,signal,1,-3.583006,5.165996,Vanessa; Z,,
01x02 - The Stakeout,30,e833f60becc16d28f866e0b4676c642557ccd56455fb2eb8dc13fc3c80f05c7a,signal,1,-3.757380,5.465678,Pam,,
01x02 - The Stakeout,31,8e33f4a0e96594f53462b5c5dd77995d71db61691f76d303fad51454bd21cb0c,signal,1,-2.584422,3.820930,Quone; I'm; That's; Quone's; Sorry; There,,
01x02 - The Stakeout,32,ec2d8b4352509173fb7b965b9d32dbe87748cf88d0e2106312efb1b1d8848a37,signal,1,4.753376,2.605973,Jerry,,
01x02 - The Stakeout,33,3def8518559c4e00ca0c84f934ff4280a2a1b44ce415f0c76ddcd941a599b0d4,signal,1,3.938859,2.387016,Mack; Jerry Seinfeld; Elaine Venice; Jerry,,
01x02 - The Stakeout,34,7436b8de916c458ce8db106e84ba35cd7b58ad3b0b80c9cb2a135f6316ce1d5e,signal,1,2.373222,4.375862,Jerry; Elaine; Art; ##ie Levine; Levine,,
01x02 - The Stakeout,35,d7bed5a829f6f5344a14dad914c917ebfec6d67c9fd77db4878f38394845a040,signal,1,2.185450,4.330709,Jerry Kuga; Mellon,,
01x02 - The Stakeout,36,173586dcca6f77a247d39e3128d41b214608ead1377024737d5db48f7464275c,signal,1,2.900538,2.277863,Elaine Marie Bennett; Wall Street,,
01x02 - The Stakeout,37,6ff12f32bc903fee4e3319eb59d2f7c4f9616baf3ed0788abcdc0462d3487639,signal,1,-12.559282,-7.536865,Connecticut; LA,,
01x02 - The Stakeout,38,aaa8265b2387c3bacc2a2e53196f91668677fe118b03a6f432057398d1f65a6f,empty,0,-14.130566,-9.451837,,,
01x03 - The Robbery,0,e702a2b70ad53d2a201782df8278cb81775f057f190b6a048313fa3d19d2a417,signal,1,-10.987516,-10.186517,It's; What; Someone; I'm; Because,,
01x03 - The Robbery,1,2983f1d4fcc20e95556d96177b61b0af169f9d76b7c20beeb17a8d57d3b0322b,signal,1,-7.270554,-4.386099,You; That; That's; Done,,
01x03 - The Robbery,2,c23f3decb126cd465d8b973afb6a1f4409d50db2df080e59d3a4ce0d27864ca9,signal,1,4.503022,6.737340,Elaine; Master Pack; George,,
01x03 - The Robbery,3,f2658a03a94d4ed836b38673da898d1c43398554113906e6a7821f7075f65ae8,signal,1,1.162014,15.207665,Venice,,
01x03 - The Robbery,4,67e80f62720cfb6acc818810fe4c18affa60028f8f68edb05d46a1d51fee4dca,signal,1,1.405120,10.907874,Emily; God,,
01x03 - The Robbery,5,4cccb6d1735238e3eb61749c4ae83ee09bc2ef1ab2ba0713b2f5741adb71b103,signal,1,1.156731,11.808429,George,,
01x03 - The Robbery,6,98a8bf5f74198f217735ee23ddc0ef2ef94f3935fb78d106c3e049bfced48b4f,signal,1,4.430085,7.358147,Jerry; Iceland; Finland,,
01x03 - The Robbery,7,6912487dc1c35ed133603e7019120d00f276aae9c9668de7ad3006d60e214a95,signal,1,1.328338,9.471804,Minneapolis,,
01x03 - The Robbery,8,d1ca054b7f4e27eb803282f73db3fa06d8df88b536500c5dae36903038c6c999,signal,1,3.204384,9.602926,VC,,
01x03 - The Robbery,9,212fc5976a93bb008559625811060ae48fb6298c247bf29869f5130a6986161d,signal,1,7.235304,7.024471,Bloomingdale; ' s; Jerry,,
01x03 - The Robbery,10,842662d891820da1732eaa1349a73dca5c37c50f80e3441e056b5b8cc8eacd48,signal,1,7.008833,7.655553,Clap Go D29; Jerry,,
01x03 - The Robbery,11,f3d8bcde87220a61d6f06af43800351bc4dd9484e006487ba14fa1d0f4ed4922,signal,1,4.457775,9.677396,TV Stario; Se; ##feld,,
01x03 - The Robbery,12,09c74a9e4de0124995646e13d00565376796ce000388fe4bcbd41268392932c1,signal,1,5.261786,8.974868,Ya,,
01x03 - The Robbery,13,91a51e92369dd4b631d43fb2a2fae40b5379d37812df61549ede0dfd340845d7,signal,1,-4.597281,-6.080465,George; Ethel Merman,,
01x03 - The Robbery,14,c8ea232bfa10d75c53f4c9e77ab66907b865a07cad9bd29fbbeecc96b18868a3,signal,1,-10.000044,-8.042159,Batman; Sony,,
01x03 - The Robbery,15,20f4e835d8d926f77f5c370eb975285c47914572fa70f22786956c8f4986c53d,signal,1,8.954438,12.363835,Well; Come; This; Are; Does; That's,,
01x03 - The Robbery,16,b913164930dfc1cdead527024dca0c1a2b74ce69ee56ac02d45dbc27a159fe2a,signal,1,9.593246,12.547042,Jerry; Dan,,
01x03 - The Robbery,17,082e8418962941f89fc94a1d3f62ab1c2c72b978f36f27f1ee3c93fea0917eea,signal,1,8.969602,11.696452,Jerry; George,,
01x03 - The Robbery,18,909802ab660f5a45b27a3c6333b2a4699e0c1d39d628097ec08b5690c617a8da,signal,1,8.296244,11.934572,I'm; This; You're; That,,
01x03 - The Robbery,19,d2b40aa67ff6223c974b082055613abca23e8f4c8eb23d19ed980028a74eaf03,signal,1,7.474193,9.662640,Geez; Congratulations; What; You; Tell; I'm,,
01x03 - The Robbery,20,4a66c509abcc1cc002e401a519732ea418f237cf1acc19a2ea8488c3977b9d6f,signal,1,4.990883,11.398088,Yeah; Okay; Could; All; I'm,,
01x03 - The Robbery,21,163c7b9e818a98f03f7d683ee0a5a0494bf95cfb227bec6369054cbc4c78eac6,signal,1,5.869104,10.711333,Jerry,,
01x03 - The Robbery,22,2aed78096e42ad66ca635d8e6520a108a17731a4a8e1f0027ca285b62dbf88b9,signal,1,8.406441,4.255702,Why; You; I'm; How; It's,,
01x03 - The Robbery,23,d3f2052335d8dea6a03b185dec30cdfe4971069ca9df503e1933c2d0ca468dfa,signal,1,7.672359,3.939312,George,,
01x03 - The Robbery,24,649d8d819029bb8a31b463099fc3465470fcd4f590ba7bd34b497e0dd4843fe6,signal,1,7.134305,3.699136,Georgia; Jerry; Elaine,,
01x03 - The Robbery,25,6e216f469a90e54571b46cd53c69527d2d9d7b30a04c39c64534755e193a3d8d,signal,1,7.144816,5.412602,Well; I'll; Straight; That's; You; Okay,,
01x03 - The Robbery,26,205cb70235f81d1f23458cc7ab094c9a351cb90896c4f730baddf514896ab271,signal,1,7.538273,8.304859,Jerry,,
01x03 - The Robbery,27,e2c824759cca686a157b4975ac7e06418255942874402cacea92602ee2ccd50b,signal,1,1.704828,-1.359192,English,,
01x03 - The Robbery,28,c8bd3c74aab666ca881fcde1780ac6736f52e48a49014b54880175d12d8ef598,signal,1,-3.783164,-5.749712,See; Now; I'm; You; Okay; Starting,,
01x03 - The Robbery,29,9289e5d5bb993776b5f18271b3401b73a7eec60d7c5388fb36a682a586ee4723,signal,1,6.034400,-8.797361,Robert Wagner; French,,
01x03 - The Robbery,30,727bd3710a0800e0661aaaab44dfb6832b0ba4107deefefa7ab3c07b35100b54,signal,1,6.447841,-8.861203,I'm; All; What; How; Look; I'll,,
01x03 - The Robbery,31,6d1d4b06d0b56ed7a8cef2b243ed00c681b3bfbdcef27e42b55ffe8342744ce3,signal,1,-4.154613,8.861510,##rd,,
01x03 - The Robbery,32,edd59c3662b5483f08d4bf8e0c554fc9848d6ee5cde5515be9165ca569e43b28,signal,1,2.718166,10.243213,Larry; George; Elaine; Jerry,,
01x03 - The Robbery,33,4f8f73f770db920720c8bfa00865803daea5b4796a0963bb3b0e50e7c99386c9,signal,1,-3.042214,8.025558,Diane,,
01x03 - The Robbery,34,decaaf64b944285fdc4191fa974b32bdabf8f64964f01fb68b57c7eaa6269e26,signal,1,-4.874012,8.681295,Gilmore; Atlanta,,
01x03 - The Robbery,35,6093cca49a919121780ff3c78713633f75b89334b27e2bd0c2cd0becc6659904,signal,1,-15.032946,-8.985401,Thank,,
01x04 - Male Unbonding,0,d0666fc8c899a2269e07ba275e4b76a594ca4215e2a205f27cbb2e5053fc9a61,signal,1,-10.964341,-11.523470,Jim,,
01x04 - Male Unbonding,1,05664d6407aa16f1b3c35d94a57f91ff1bf6bbb4a4846e8edf014696b2952285,signal,1,-11.849480,-12.774796,Phillips,,
01x04 - Male Unbonding,2,e80028114ea9d096f89989a3b35778ae54b675ffa9989a8521c23de254d5dab1,signal,1,-12.201385,-13.233843,They; But; Right; What; Yeah,,
01x04 - Male Unbonding,3,0b6eef8c36b7951c433fbc44c597a8ab46eac0553d0b214b15c5bb555162bc8d,signal,1,-2.670362,-0.787960,God,,
01x04 - Male Unbonding,4,742f8302f54a66fd5829759613432140bf7c66e76a95faf78a43b156807cfd0c,signal,1,-3.463447,-1.213862,F; ##loss,,
01x04 - Male Unbonding,5,698503ac3c07eee7497acb31ef6d5bb137a1e7b6057a40f0374b918ba740cf1c,signal,1,-3.727795,-1.095430,Jerry; George,,
01x04 - Male Unbonding,6,f1b1e62d3148a8bf1b31f0bf915fe8e30c9a57c31e31bb414c32ce8bb7e2dc70,signal,1,-2.598782,11.591529,Joel; C; ##ram; ##ey,,
01x04 - Male Unbonding,7,6de3beb2a788e1a77bc7d6380bccc273de9f89b26575f3fae47be76275adca68,signal,1,0.742478,8.744359,Nick,,
01x04 - Male Unbonding,8,96f30bb8063b59041fd04409f6b7aae45f09ad21232cf0df81799ebc50ca84a7,signal,1,2.150465,7.198361,Joel Hornick; Stalin; America Industries,,
01x04 - Male Unbonding,9,d6bffc1758714123cfc02b9f11a4e9d5899bc358a8d90744d3d36e6cfa635821,signal,1,1.713349,7.527688,Forget; Can; I'm; He's; Sometimes; Just,,
01x04 - Male Unbonding,10,e894afb47a1bb89ec6c097447951e4b1af896cc6c5790cf703f3d0b13ef08259,signal,1,-0.089626,7.266589,Bill,,
01x04 - Male Unbonding,11,8b150bd51451a0a7b3f02b5473c3c5703bb3ba849a041abc3c066e09918a31c1,signal,1,-9.067117,-8.848047,Bruce; Gerald,,
01x04 - Male Unbonding,12,dc0abab236e096a458d6166a949bdc5ab8785cf8e02eebef466010360b4a3845,signal,1,11.767100,-9.582132,Lenny Bruce Bargiffy,,
01x04 - Male Unbonding,13,0135cbbc069736764b577d4c6f00aa7d65109a0e986ad8d07c002696e74008f5,signal,1,11.804116,-10.616878,Yeah; I'm; You; Are; I'll; Let,,
01x04 - Male Unbonding,14,b3b9a9494a79c57615eab74580cf23fd1ef17c41a27d1a5a60d3db4a81715659,signal,1,12.961851,-9.255053,Joel,,
01x04 - Male Unbonding,15,e2aaf657b95ec026f2825130feb285d6e60752260ac1bc695c7e248ad39d4def,signal,1,12.858385,-9.971085,Joel,,
01x04 - Male Unbonding,16,0c6e99a3a5740eec1e3c2591bb313fdd2d2a7241ad2c392efbee1a8b10f76059,signal,1,12.961143,-8.150941,Europe,,
01x04 - Male Unbonding,17,7845f2a5b25509312fc0367f138ae127ddd643bf25d00f590856e8cae0d40ec3,signal,1,12.422443,-8.092819,Nick,,
01x04 - Male Unbonding,18,6c8af30d976eb4104ac69ef737d15143f85ec0a7a325d26d39d92faad4d85258,signal,1,11.977191,-8.783778,Tonight; Wednesday; You; Yes; Okay; That,,
01x04 - Male Unbonding,19,4f3f5cd4db25d7d2b4c079b9f197dddd4ce63695a463912fcadeeec5841fe4bf,signal,1,4.050477,-5.890429,English,,
01x04 - Male Unbonding,20,87918aab7a9ad01c9dba6230908837abcfd2bcbd2159ccf269323cecbaf1b42b,signal,1,3.608298,-5.553146,George,,
01x04 - Male Unbonding,21,a14587f1e5b8796b79234047f1839902960e524cc44fc14d4a9b2a642a861a78,signal,1,1.271932,4.906609,Horn; ##ic; Hornic,,
01x04 - Male Unbonding,22,04dbcd52999dded6a90c033e9ed94031b90cc527c80b2e0209219ffa3a867fd3,signal,1,2.551222,-5.797391,Jerry,,
01x04 - Male Unbonding,23,155d01facab33d75af2d6a4767a8322aed02e30f71e7e32f1d2773d9de553987,signal,1,-8.850340,-13.316914,George,,
01x04 - Male Unbonding,24,2437c2424e3bc97cba82cae212073294ff6906bf7684a4c7adf176392ef3b218,signal,1,0.112962,8.436085,Keep; Well; I'm; Okay; I'll; Wait,,
01x04 - Male Unbonding,25,bcfe84962a8c4139d4ef018208b6ccc91117e7556e3505d2d96094a78783956d,signal,1,10.174154,8.921453,George,,
01x04 - Male Unbonding,26,6cecfdac1a16339b70e5ae36d94caf365d2763785733d2134750c95e1e6e744e,signal,1,10.004297,9.183289,It's; You; I'm; All; But; Well,,
01x04 - Male Unbonding,27,6662c85ac552cd83a12e17bfafbe905b2efba138dba719f2897fbbadad672b18,signal,1,-1.696582,10.273311,Joel; Jerry; WheelClaw,,
01x04 - Male Unbonding,28,fb6d2700d2d3ea57fe4af14e078d23bdd06fe32fe1aab48732482b31d91019a4,signal,1,-1.151794,10.628824,Trap; I'm; Okay; Wanna; What; You,,
01x04 - Male Unbonding,29,d34eb4c8b4ee487ec526f52b2a297e023c8a72c1be28874cd01b6d3ddae90993,signal,1,4.765779,4.825418,I'll; You'll; I'm; Picking; Okay; It's,,
01x04 - Male Unbonding,30,f458eb693c174a59ba39239630f78838410e73ce98f82b6cddf0f2739805d2cc,signal,1,4.961105,3.577509,Dan,,
01x04 - Male Unbonding,31,04b1d3bcd0c52c2ae9318cdab02c6a726586303af3cc19b153118f50f62b510e,signal,1,9.434283,3.082316,Mu,,
01x04 - Male Unbonding,32,61210fc49216e1ff4783f9b7381e57edb8f1a8723e91e05154eec9d850ff8bb9,signal,1,7.649154,1.921494,Lane; Nick; Harn; Horn,,
01x04 - Male Unbonding,33,1c73a3fa852f0364d418e52101a36b357f2a271da44a9e7fe57a002d38e28ff1,signal,1,6.570045,1.754953,Elaine Bennis; Joel Hornic; Nelson; Elaine,,
01x04 - Male Unbonding,34,ce2a7594ada759d6bf6fa1a3e7086aa7eb8d3f851b773330afc689df46bac55d,signal,1,5.836709,1.596953,Eastern European National Anthem,,
01x04 - Male Unbonding,35,a3ac5aa34ea7894df85f026e111e7a4beb3a839940e145ba7e89479a412b9752,signal,1,7.365970,0.509232,Maver; ##icks; Mavericks; Lakers,,
01x04 - Male Unbonding,36,fc7b9736364c18ce8c461848a0f99d9260bd72b877e22f46c7a47a885f104c22,signal,1,-13.075147,-8.743183,The; This; You; We're,,
01x04 - Male Unbonding,37,1805c8060538b10d9fb3f859248b7e2eb45f81c5d0a6f82221a8f2d8a280c7f0,signal,1,-14.533555,-8.731010,Thank,,
01x05 - The Stock Tip,0,7bfe449aeabc3002b5e6f394b804e7cbe7b03ebae9445c36d03fb465d60970dd,signal,1,-12.098342,-9.994445,We're; Check; Never; Because; Before; Now,,
01x05 - The Stock Tip,1,a6a0e418c1cc1c31db84f70a43a75d112b27d7debedb1696718976a262d02332,signal,1,10.345873,-14.811419,Superman; Krypton,,
01x05 - The Stock Tip,2,7451a96e2bb8affa1926ee7c2e045fb18ab3d763600b15fb30a96bae8cd3eb4d,signal,1,10.098403,-13.682959,Why; I'm; What,,
01x05 - The Stock Tip,3,4344e19ca2c040b570652b9c14f0582d0a4d8e572c08d05b904b5a4325a4163b,signal,1,10.272076,-12.685137,Robert,,
01x05 - The Stock Tip,4,9a81ead6ba817584fd86ac0636b1330345e82fefff36d220143552beff663030,signal,1,9.653646,-12.125965,Vanessa; Catherine; Vermont,,
01x05 - The Stock Tip,5,f834ec0e6d23bad7a503147288399c35fc9f64b55ae28632f8775b17365ebaac,signal,1,8.925930,-13.301266,Texas Panhandle,,
01x05 - The Stock Tip,6,a5bbc6bb13c6919d3dea43a45a704c505e03e9a10a62974c9adea9e1e219b8d1,signal,1,7.801319,-12.531916,Simon; Wilkinson; Bill,,
01x05 - The Stock Tip,7,c959dae3f7cb46b070f8805c886dac28a7742730fb537511f7be888c78938f5c,signal,1,7.640187,-13.369423,Wilkinson,,
01x05 - The Stock Tip,8,59aef76e9104fa3d88ab57b03ae59feba89ea87e3a9786892495cd83e3b5e4d5,signal,1,8.989832,-14.243686,English,,
01x05 - The Stock Tip,9,3facab49f684eed78ae2d3d848b2a74a43695fbb92047b057cc0db944b29f332,signal,1,2.593042,-9.366573,Vermont,,
01x05 - The Stock Tip,10,5a8d8fd332352b8c33a502453133a9d4a5d8e991b4ae4eb75562a6162218cdbf,signal,1,2.374920,-9.491062,2; Mar; Marlin; Vermont,,
01x05 - The Stock Tip,11,58a804cc43ab9dd3b6f7e3364a1ba7df7978c3f021d09f50ebd2070df9db1558,signal,1,5.833336,-13.841164,Jerry; ZenTrack,,
01x05 - The Stock Tip,12,681e6ebb69786293bf59858a887d93854c619780df5e9b6fc029847d0f7396da,signal,1,10.483729,6.832257,George Costanz; George,,
01x05 - The Stock Tip,13,f43648428f63ce3803f9556a30563b6498b8d8ae78e675e0f8d59796a673e6b4,signal,1,10.891055,6.409872,Wilkinson; Thai,,
01x05 - The Stock Tip,14,3de6f8ddb01cac88a52517ca40ba369367f5315bc69c143ab482d96286c24f1c,signal,1,-1.402392,14.456365,Vanessa,,
01x05 - The Stock Tip,15,61de7fd9efbe7e38f2536e36ed90e0d67f9b5f76f4517f4676ab91fbd992813f,signal,1,4.241274,17.221148,Jerry; George; Wilkinson,,
01x05 - The Stock Tip,16,09efe55a639ee2fbaf7c639f441e1c9c1b3121557db92eed496aac58208c1570,signal,1,0.325447,-2.356858,Simon,,
01x05 - The Stock Tip,17,0715844c30008f02963be7416737b29decfb1ef2271d95b89221aa9da38b08eb,signal,1,0.587502,-2.263540,Wilkinson; Ce; ##rest,,
01x05 - The Stock Tip,18,5f300a90cc64acbba67a54760bbabc9a7b0c3cc0ba0b260238e4369a4795becb,signal,1,-1.200992,-3.872977,Bill,,
01x05 - The Stock Tip,19,256e3d0afbde6be1918d5b420d72c28806ac068f530b7ac2b5661685a57ee960,signal,1,-1.491377,-4.118187,Yes; What; This; That's; Maybe; Let,,
01x05 - The Stock Tip,20,3e3f598b52732eeba676c777455f95d7cbcbb0090291cf3a24288a1f2871e50b,signal,1,-6.444157,-7.471543,You; Just; And; It's; We're; See,,
01x05 - The Stock Tip,21,b2159fbb1563f08ac7d2d9106626d5eb2343a5421606a471e64aaecde3035de1,signal,1,4.772872,14.958874,Pete,,
01x05 - The Stock Tip,22,2562be689fbe019cc1976840bea517635646ae527e99284172bd64c4370ca409,signal,1,5.280728,14.524810,Jerry,,
01x05 - The Stock Tip,23,8d8e2a9e324d534b972a4f4a273074c54e8a46db4f88709da94ff3ede85198cc,signal,1,5.733150,14.444736,Elaine; George,,
01x05 - The Stock Tip,24,bfde10b61f435fc4da448e84c1b920d2154565c20b23ee3a4edd828dd8d0334b,signal,1,9.341256,7.789227,George; Jerry,,
01x05 - The Stock Tip,25,4aa4c8c9746e1d4d1d73eebb04821dbdef1c433abcff5f482b572a141ef2fc92,signal,1,-6.725293,6.381217,What; Yeah; Stranger; I'm,,
01x05 - The Stock Tip,26,289dcae22351fa1764dd8a92ad869272d6ebb5d7274030a84d21e5ed30867093,signal,1,-6.146130,6.664744,How; Fifteen; You; Yeah; Next; I'm,,
01x05 - The Stock Tip,27,7446ae913e55f3f4e979bfa8ed5d073b9aef1cb05094b2a6f922a7a5802da466,signal,1,-5.711274,10.134119,I'm; Didn't; Not; Well; What; And,,
01x05 - The Stock Tip,28,70a74f4ed59930d63d4a9ad924dbc3490732dcb2a1d378a0fcaf3fc1387ca5a8,signal,1,-5.081362,10.446641,Well; Now; I'm; Let; That's; Charming,,
01x05 - The Stock Tip,29,75143d0091e78a476e11a5faf0d0792accba890a5ae7ffd69d36a18a883b24ba,signal,1,-5.716619,10.964355,Steely Old Man ' s Bundle,,
01x05 - The Stock Tip,30,076d3c5c0b21c30a04e22e9dcd0f205b192d83916ed8e7d09d6f89139a896fa5,signal,1,4.830977,-12.399822,Vanessa,,
01x05 - The Stock Tip,31,a08f66015f8e6e9ac57fc1b7391fc84c258de7c8d2e63f6d351c122d2114d3e8,signal,1,5.470737,-12.341343,Jane; Elaine,,
01x05 - The Stock Tip,32,85ee9c23e64e395d60325f91590f89c7b122fe90d3915636dbb16aa400c61d26,signal,1,7.530942,-11.296503,Hyundai; Simon; Wilkinson,,
01x05 - The Stock Tip,33,6dc3d1f7f351c2fdac3fa418bc6e15794db66751d02f1c8e8558afd4b11923e3,signal,1,9.397338,-10.853463,They're; Losing; Almost; Told; Bad,,
01x05 - The Stock Tip,34,defc2861e3db1353cbca9b847f60744901f63b6ce36cd7dd97a613c26237822c,signal,1,8.440550,-11.129611,Superman; Vermont; Wilkinson; Trampco Corporation; Springfield,,
01x05 - The Stock Tip,35,70922b78c6d30fa1b2edd0185bd2192cac8a663803b43e618a851a92c916bdbd,signal,1,8.854793,-10.094105,You; Carry; Sweet; That; Just; Let,,
01x05 - The Stock Tip,36,92125ab30c68278ca20639d553f04dad24d3154fb15e7ab2dbab19de46b98b4b,signal,1,-11.047174,-8.726732,Come; I'm; People; I've; I'll; You,,
01x05 - The Stock Tip,37,aa9e9bd2f24e9c3be145cb3364801f8f706f83090814a42ba78394f5d8be713d,empty,0,-14.059746,-10.212127,,,
01x05 - The Stock Tip,38,a3fbab205d5452799004b9fb9027f130682191c1172327352f1812da7df89a4c,signal,1,-15.064845,-11.661691,You,,
